"filename","file_id","JGI Grouping ID","directory/path","Short Organism Name","Genome/Metagenome Name","md5 checksum","file size"
"8641.1.107191.AAGACT.anqdp.fastq.gz","54bb6b920d8785565d473b62","IMG_AP-1048041","RushMan_CattailN/Filtered_Raw_Data","RushMan_CattailN","RushMan_CattailNLB_D2","22a70a1daf750742dc095f678c7d6c39","5412831397"
"8550.1.104089.CAAAAG.anqdp.fastq.gz","5486797d0d87850ddcd6d0c8","IMG_AP-1047963","Joice_ThreeSqA_D/Filtered_Raw_Data","Joice_ThreeSqA_D","Joice_ThreeSqA_D1","3ca21c41af014ffa10579fdf63e78d01","5599941437"
"8641.1.107191.AAAGCA.anqdp.fastq.gz","54bb6f8d0d8785565d473b6d","IMG_AP-1048029","Muzzi_PWC_D1/Filtered_Raw_Data","Muzzi_PWC_D1","Muzzi_PWC_D1","293f81ee3cf9b9832ce0070a3d708cd0","6245058598"
"8641.1.107191.AAATGC.anqdp.fastq.gz","54bb6b740d8785565d473b5f","IMG_AP-1048032","Muzzi_PWB_D2/Filtered_Raw_Data","Muzzi_PWB_D2","Muzzi_PWB_D2","659677dc973c2e969b3c78e95a4db1ed","5926967005"
"8641.1.107191.AACAAA.anqdp.fastq.gz","54bb6b7f0d8785565d473b60","IMG_AP-1048035","Muzzi_PWC_D2/Filtered_Raw_Data","Muzzi_PWC_D2","Muzzi_PWC_D2","cb50919701b331f9c97742ed60efb116","6388025130"
"8641.1.107191.AAACAT.anqdp.fastq.gz","54bb6b690d8785565d473b5e","IMG_AP-1048026","Muzzi_PWB_D1/Filtered_Raw_Data","Muzzi_PWB_D1","Muzzi_PWB_D1","cd03feb7297f173d5f0e2fd622a212d7","5090969946"
"8641.1.107191.AAGCGA.anqdp.fastq.gz","54bb6b9a0d8785565d473b63","IMG_AP-1048044","RushMan_CattailN_2/Filtered_Raw_Data","RushMan_CattailN_2","RushMan_CattailNLC_D2","0b0c1ccf8070fb47752a207033989af1","5108798110"
"8642.1.107203.ACCCAG.anqdp.fastq.gz","54bb8a2e0d8785565d473b93","IMG_AP-1048059","RushOxbow_ThreeS_2/Filtered_Raw_Data","RushOxbow_ThreeS_2","Wetland microbial communities from San Francisco Bay, California, USA, that impact long-term carbon sequestration - RushOxbow_ThreeSqB_D2","6192184f8c8e16c4ccbb0970f261386a","5464501920"
"8642.1.107203.ACCGGC.anqdp.fastq.gz","54bb85cb0d8785565d473b89","IMG_AP-1048062","RushOxbow_ThreeS_3/Filtered_Raw_Data","RushOxbow_ThreeS_3","RushOxbow_ThreeSqC_D2","e958919a159ddae26869793713dcc103","5885069948"
"8640.1.107179.TTCTCC.anqdp.fastq.gz","54bb6b600d8785565d473b5d","IMG_AP-1048161","White_ThreeSqC_D_2/Filtered_Raw_Data","White_ThreeSqC_D_2","White_ThreeSqC_D2","1535df35e7c2de56c646e5f8e484a1e4","5049115094"
"8641.1.107191.AAGGAC.anqdp.fastq.gz","54bb6ffa0d8785565d473b6e","IMG_AP-1048047","RushMan_ThreeSqA/Filtered_Raw_Data","RushMan_ThreeSqA","RushMan_ThreeSqA_D2","85b6cfe5bc403047e8f77ebaa0c5c155","6296722259"
"8641.1.107191.AATAGG.anqdp.fastq.gz","54bb70330d8785565d473b6f","IMG_AP-1048050","RushMan_ThreeSqB/Filtered_Raw_Data","RushMan_ThreeSqB","Wetland microbial communities from San Francisco Bay, California, USA, that impact long-term carbon sequestration - RushMan_ThreeSqB_D2","23f0d7b3c9b6ef071224d8f94127cdba","5831292418"
"8641.1.107191.ACAAAC.anqdp.fastq.gz","54bb6ba40d8785565d473b64","IMG_AP-1048053","RushMan_ThreeSqC/Filtered_Raw_Data","RushMan_ThreeSqC","Wetland microbial communities from San Francisco Bay, California, USA, that impact long-term carbon sequestration - RushMan_ThreeSqC_D2","5234822dfa8afc5ea908a1a5aee794b4","4494788058"
"8641.1.107191.ACATCT.anqdp.fastq.gz","54bb70650d8785565d473b70","IMG_AP-1048056","RushOxbow_ThreeS/Filtered_Raw_Data","RushOxbow_ThreeS","RushOxbow_ThreeSqA_D2","29eb69d99d24fd4a48f65041ee1edea3","5413536425"
"8642.1.107203.ACGATA.anqdp.fastq.gz","54bb8a3a0d8785565d473b94","IMG_AP-1048065","RushSE_CattailNL/Filtered_Raw_Data","RushSE_CattailNL","RushSE_CattailNLA_D2","57ad92514d52a96417b4da3592da36bf","5671929168"
"8642.1.107203.ACTCTC.anqdp.fastq.gz","54bb85d80d8785565d473b8a","IMG_AP-1048068","RushSE_CattailNL_2/Filtered_Raw_Data","RushSE_CattailNL_2","Wetland microbial communities from San Francisco Bay, California, USA, that impact long-term carbon sequestration - RushSE_CattailNLB_D2","2f82ac24e5c293f7b3096761c8652c11","5084931486"
"8642.1.107203.AGAAGA.anqdp.fastq.gz","54bb85e20d8785565d473b8b","IMG_AP-1048071","RushSE_CattailNL_3/Filtered_Raw_Data","RushSE_CattailNL_3","RushSE_CattailNLC_D2","72b35ea63bfdafa362b0cb2f55da30f8","5001124211"
"8642.1.107203.AGATAG.anqdp.fastq.gz","54bb85eb0d8785565d473b8c","IMG_AP-1048074","RushSE_TuleA_D2/Filtered_Raw_Data","RushSE_TuleA_D2","RushSE_TuleA_D2","2db3af50a289553ed81a40b7d372e62f","4769877565"
"8642.1.107203.AGCATC.anqdp.fastq.gz","54bb8a480d8785565d473b95","IMG_AP-1048077","RushSE_TuleB_D2/Filtered_Raw_Data","RushSE_TuleB_D2","Wetland microbial communities from San Francisco Bay, California, USA, that impact long-term carbon sequestration - RushSE_TuleB_D2","6a54863a2ecabdf069697cdb7f3efe73","6007900750"
"8642.1.107203.AGCGCT.anqdp.fastq.gz","54bb8a540d8785565d473b96","IMG_AP-1048080","RushSE_TuleC_D2/Filtered_Raw_Data","RushSE_TuleC_D2","RushSE_TuleC_D2","c10f7f9172656f6737058a13453c4681","5563440479"
"8642.1.107203.ATACGG.anqdp.fastq.gz","54bb8a630d8785565d473b97","IMG_AP-1048086","Sandmound_ThreeS/Filtered_Raw_Data","Sandmound_ThreeS","Sandmound_ThreeSqB_D1","a0df692bf0cde120080bb9e65a45ee92","5584748336"
"8642.1.107203.ATCCTA.anqdp.fastq.gz","54bb82e60d8785565d473b82","IMG_AP-1048089","Sandmound_ThreeS_2/Filtered_Raw_Data","Sandmound_ThreeS_2","Sandmound_ThreeSqC_D1","70b95fcef6f06c0c608258ce2095493f","4851218687"
"8642.1.107203.ATCTAT.anqdp.fastq.gz","54bb8a700d8785565d473b98","IMG_AP-1048092","Sandmound_ThreeS_3/Filtered_Raw_Data","Sandmound_ThreeS_3","Sandmound_ThreeSqA_D2","90006570c96471608d53bb8c2351f526","5193934366"
"8640.1.107179.GCAAGG.anqdp.fastq.gz","54bb6b2e0d8785565d473b57","IMG_AP-1048128","WestPond_TuleA_D/Filtered_Raw_Data","WestPond_TuleA_D","WestPond_TuleA_D2","eb4498119c9d8c0ea30b0ba6546f68e3","4655684295"
"8640.1.107179.GCACTT.anqdp.fastq.gz","54bb6ed50d8785565d473b6b","IMG_AP-1048131","WestPond_TuleB_D/Filtered_Raw_Data","WestPond_TuleB_D","Wetland microbial communities from the San Francisco Bay, California, USA, that impact long-term carbon sequestration - WestPond_TuleB_D2","3f5486374c3927722c2aa91d128a1596","5489089509"
"8640.1.107179.GCCTTA.anqdp.fastq.gz","54bb75110d8785565d473b76","IMG_AP-1048134","WestPond_TuleC_D/Filtered_Raw_Data","WestPond_TuleC_D","WestPond_TuleC_D2","ae58faf71bbf74bea4d450fdf4c5ad95","6436921068"
"8640.1.107179.GCTCCA.anqdp.fastq.gz","54bb6b360d8785565d473b58","IMG_AP-1048137","White_CordA_D2/Filtered_Raw_Data","White_CordA_D2","White_CordA_D2","ba369d7b95e41110fd1929d1ebaadd81","5528288928"
"8640.1.107179.GGCACA.anqdp.fastq.gz","54bb66ce0d8785565d473b4f","IMG_AP-1048140","White_CordB_D2/Filtered_Raw_Data","White_CordB_D2","White_CordB_D2","67b3c8288515aecb8356940c77bf9327","4236502475"
"8640.1.107179.TGAATG.anqdp.fastq.gz","54bb6b3f0d8785565d473b59","IMG_AP-1048146","White_ThreeSqA_D/Filtered_Raw_Data","White_ThreeSqA_D","White_ThreeSqA_D1","321b0b55266494990b77b458b2b9e621","4844500454"
"8640.1.107179.TGCCAT.anqdp.fastq.gz","54bb6b480d8785565d473b5a","IMG_AP-1048149","White_ThreeSqB_D/Filtered_Raw_Data","White_ThreeSqB_D","Wetland microbial communities from the San Francisco Bay, California, USA, that impact long-term carbon sequestration - White_ThreeSqB_D1","30895fd9045d005a996fc51f4aa94ed9","5405730703"
"8640.1.107179.TGCTGG.anqdp.fastq.gz","54bb6b500d8785565d473b5b","IMG_AP-1048152","White_ThreeSqC_D/Filtered_Raw_Data","White_ThreeSqC_D","Wetland microbial communities from the San Francisco Bay, California, USA, that impact long-term carbon sequestration - White_ThreeSqC_D1","a92fff14e423d25e3f1d6811ff40abe1","4900275738"
"8640.1.107179.TGGCGC.anqdp.fastq.gz","54bb6f1d0d8785565d473b6c","IMG_AP-1048155","White_ThreeSqA_D_2/Filtered_Raw_Data","White_ThreeSqA_D_2","White_ThreeSqA_D2","4144a59b549e7d76ce9a5ad4cd2ca553","5947448297"
"8640.1.107179.TTCGAA.anqdp.fastq.gz","54bb6b570d8785565d473b5c","IMG_AP-1048158","White_ThreeSqB_D_2/Filtered_Raw_Data","White_ThreeSqB_D_2","White_ThreeSqB_D2","55a2fa1844f82f808d80c041e20b3fce","4666589898"
"8643.1.107167.GATATA.anqdp.fastq.gz","54bb74fd0d8785565d473b74","IMG_AP-1064058","WesMetDrversion2_2/Filtered_Raw_Data","WesMetDrversion2_2","WestPond_CattailB_D2","e6ef9bfdf5a2bdfbbd7c6a2a059c2a2d","7531906754"
"9260.6.126935.TCGGCA.anqdp.fastq.gz","55a9a45c0d87852b215087e5","IMG_AP-1072407","MayberryNE_Catta_6/Filtered_Raw_Data","MayberryNE_Catta_6","MayberryNE_CattailC_D2","10a6823595f1594b04a11509a0996641","3409889538"
"8571.1.104353.TGACCA.anqdp.fastq.gz","54b842a20d8785565d472910","IMG_AP-1064047","BroMetDrversion2/Filtered_Raw_Data","BroMetDrversion2","Browns_ThreeSqC_D1","8cf1ca955cf4c333eda44fa71c62b3fd","6029326454"
"8641.1.107191.AACTTG.anqdp.fastq.gz","54bb6b870d8785565d473b61","IMG_AP-1064048","RusMetDrversion2/Filtered_Raw_Data","RusMetDrversion2","RushMan_CattailNLA_D2","37478fb1b7e9be3e903300da2b753796","6073941576"
"8643.1.107167.CCACGC.anqdp.fastq.gz","54bb6dd30d8785565d473b67","IMG_AP-1064049","SanMetDrversion2/Filtered_Raw_Data","SanMetDrversion2","Sandmound_ThreeSqB_D2","300538048db0140cb7dc1e4777d13724","5726410862"
"8643.1.107167.CCCATG.anqdp.fastq.gz","54bb6b250d8785565d473b56","IMG_AP-1064050","SanMetDrversion2_2/Filtered_Raw_Data","SanMetDrversion2_2","Sandmound_ThreeSqC_D2","98cc683d13d75cebed2c45f7e220f045","6542584637"
"8643.1.107167.CCGCAA.anqdp.fastq.gz","54bb6e330d8785565d473b68","IMG_AP-1064051","SanMetDrversion2_3/Filtered_Raw_Data","SanMetDrversion2_3","Sandmound_TuleA_D2","7ef6deb1267443a94df361dc623689b1","5668796524"
"8643.1.107167.CCTTAG.anqdp.fastq.gz","54bb74e00d8785565d473b71","IMG_AP-1064052","SanMetDrversion2_4/Filtered_Raw_Data","SanMetDrversion2_4","Sandmound_TuleB_D2","fbc74ffc126d9ba88948389dfc7be750","5873591571"
"8643.1.107167.CGAGAA.anqdp.fastq.gz","54bb74e90d8785565d473b72","IMG_AP-1064053","SanC_DDrversion2/Filtered_Raw_Data","SanC_DDrversion2","Sandmound_Tule C_D2","07bc9921c31a690ee783c9d4539efc7f","5249042054"
"8643.1.107167.CTGCTG.anqdp.fastq.gz","54bb6e700d8785565d473b69","IMG_AP-1064054","TolMetDrversion2/Filtered_Raw_Data","TolMetDrversion2","Tolay_CordA_D2","c221e53e9015fd8d041e79f531e02486","5705839041"
"8643.1.107167.GAAACC.anqdp.fastq.gz","54bb74f30d8785565d473b73","IMG_AP-1064055","TolMetDrversion2_2/Filtered_Raw_Data","TolMetDrversion2_2","Tolay_CordB_D2","045419bb2f5d2cf437b3f9a491975f02","6352712973"
"8643.1.107167.GAATAA.anqdp.fastq.gz","54bb6ea30d8785565d473b6a","IMG_AP-1064056","TolMetDrversion2_3/Filtered_Raw_Data","TolMetDrversion2_3","Tolay_CordC_D2","da0f77cef8798cda3f4a4888de98b077","6022839087"
"8643.1.107167.GACGGA.anqdp.fastq.gz","54bb66c60d8785565d473b4e","IMG_AP-1064057","WesMetDrversion2/Filtered_Raw_Data","WesMetDrversion2","WestPond_CattailA_D2","ea0bdea60b774e132e2c01b0e37b5633","3753164013"
"8643.1.107167.GATGCT.anqdp.fastq.gz","54bb75080d8785565d473b75","IMG_AP-1064059","WesMetDrversion2_3/Filtered_Raw_Data","WesMetDrversion2_3","WestPond_CattailC_D2","d76111604d20aff818fb2af2b0cbab55","6990510336"
"9260.5.126922.CTAGCT.anqdpht.fastq.gz","55e800f30d878556782dc57a","IMG_AP-1072387","Joice_CattailNLA_2/Filtered_Raw_Data","Joice_CattailNLA_2","Natural and restored wetland microbial communities from the San Francisco Bay, California, USA, that impact long-term carbon sequestration - Joice_CattailNLA_D1","cbd4b9f1e5707b067009ff8ddc7f299f","3552112290"
"9260.6.126935.CTCAGA.anqdp.fastq.gz","55a99d640d87852b215087b9","IMG_AP-1072391","Joice_CattailNLC_2/Filtered_Raw_Data","Joice_CattailNLC_2","Joice_CattailNLC_D1","4e2362726dbe3b7887c4f4c7ab0ce870","3514993681"
"9260.7.126948.ACCGGC.anqdpht.fastq.gz","55e77e370d878556782dc4f1","IMG_AP-1072433","MayberrySE_Catta_3/Filtered_Raw_Data","MayberrySE_Catta_3","MayberrySE_CattailB_D1","9d37dc8dec4dd91a9451b7cade81814d","4601873031"
"9260.5.126922.CCAACA.anqdpht.fastq.gz","55e824270d878556782dc624","IMG_AP-1072383","Browns_TuleB_D1/Filtered_Raw_Data","Browns_TuleB_D1","Browns_TuleB_D1","74b1d1cbd555d9f8350b26a4598b46eb","3812304654"
"9260.6.126935.GACGAC.anqdp.fastq.gz","55a99d6d0d87852b215087ba","IMG_AP-1072393","Joice_ThreeSqA_D_3/Filtered_Raw_Data","Joice_ThreeSqA_D_3","Joice_ThreeSqA_D1_rd","9d9afe0b5f9551f1b62e7bc15a0afa89","3601829632"
"9260.6.126935.TAATCG.anqdp.fastq.gz","55a99a5e0d87852b2150879a","IMG_AP-1072395","Joice_ThreeSqA_D_4/Filtered_Raw_Data","Joice_ThreeSqA_D_4","Joice_ThreeSqA_D2_rd","bc60ad12fc9c4c2978b0d474ae491d93","4101365650"
"9260.6.126935.TACAGC.anqdp.fastq.gz","55a99a650d87852b2150879b","IMG_AP-1072397","MayberryNE_Catta/Filtered_Raw_Data","MayberryNE_Catta","MayberryNE_CattailA_D1","94ef334482dddb57da583bf3052071c7","3926394641"
"9260.6.126935.TCCCGA.anqdp.fastq.gz","55a9a4520d87852b215087e3","IMG_AP-1072403","MayberryNE_Catta_4/Filtered_Raw_Data","MayberryNE_Catta_4","MayberryNE_CattailB_D2","2dab47d7ae053a025e5929ce1d4b1c6f","3215192258"
"9260.6.126935.TCGAAG.anqdp.fastq.gz","55a9a4580d87852b215087e4","IMG_AP-1072405","MayberryNE_Catta_5/Filtered_Raw_Data","MayberryNE_Catta_5","MayberryNE_CattailC_D1","1f6decf688696284a9f358b647a82785","3687857118"
"9260.6.126935.AAAGCA.anqdp.fastq.gz","55a9a92c0d87852b21508806","IMG_AP-1072411","MayberryNE_TuleA_2/Filtered_Raw_Data","MayberryNE_TuleA_2","MayberryNE_TuleA_D2","5cc9cb1ae8c78094c9e08f1d3ece00ee","4475415567"
"9260.7.126948.AAATGC.anqdpht.fastq.gz","55ea59800d878556782dcf02","IMG_AP-1072413","MayberryNE_TuleB/Filtered_Raw_Data","MayberryNE_TuleB","MayberryNE_TuleB_D1","b2224f25582929b5ff1d4f454ff180b9","3902420972"
"9260.7.126948.AACAAA.anqdpht.fastq.gz","55e8392b0d878556782dc68d","IMG_AP-1072415","MayberryNE_TuleB_2/Filtered_Raw_Data","MayberryNE_TuleB_2","MayberryNE_TuleB_D2","16abbd7e6a3ca6deedf31dedd90d5250","3988572237"
"9260.7.126948.AAGCGA.anqdpht.fastq.gz","55e7af770d878556782dc54c","IMG_AP-1072421","MayberryNW_Catta_5/Filtered_Raw_Data","MayberryNW_Catta_5","MayberryNW_CattailA_D1","695f1790c05cf454bfe54dd45a1e816e","3660205120"
"9260.7.126948.AAGGAC.anqdpht.fastq.gz","55e793440d878556782dc51b","IMG_AP-1072423","MayberryNW_Catta_6/Filtered_Raw_Data","MayberryNW_Catta_6","MayberryNW_CattailB_D1","15f2a79c05264e7d725d7327509080f2","3260227029"
"9269.1.127443.AGATAG.anqdp.fastq.gz","55a6bd840d87852b21507ebe","IMG_AP-1072441","MayberrySE_TuleA/Filtered_Raw_Data","MayberrySE_TuleA","MayberrySE_TuleA_D1","f123e656fe859e47ad3f51d41abe76d1","4081977899"
"9270.1.127395.GACGGA.anqdp.fastq.gz","55a6b1530d87852b21507dd2","IMG_AP-1072471","RushSE_CattailNL_5/Filtered_Raw_Data","RushSE_CattailNL_5","RushSE_CattailNLB_D1","dbcf43108fdfc02b5b24c4f1ca5684cb","3989127432"
"9270.1.127395.GATGCT.anqdp.fastq.gz","55a6b1a70d87852b21507dd8","IMG_AP-1072475","RushSE_TuleA_D1/Filtered_Raw_Data","RushSE_TuleA_D1","RushSE_TuleA_D1","f661603380194bb63c93977954769329","4559309978"
"9270.2.127407.GCACTT.anqdp.fastq.gz","55a6b21b0d87852b21507de0","IMG_AP-1072479","RushSE_TuleC_D1/Filtered_Raw_Data","RushSE_TuleC_D1","RushSE_TuleC_D1","cfd8f634696c899a42b5d518e0512aac","4303335135"
"9270.2.127407.TGCCAT.anqdp.fastq.gz","55a6b3ba0d87852b21507df7","IMG_AP-1072491","WestPond_Cattail_2/Filtered_Raw_Data","WestPond_Cattail_2","WestPond_CattailB_D1","d70e39225b3793e73853767c694dcbf8","4850190248"
"9260.6.126935.CTATAC.anqdp.fastq.gz","55a99d5d0d87852b215087b8","IMG_AP-1072389","Joice_CattailNLB_2/Filtered_Raw_Data","Joice_CattailNLB_2","Joice_CattailNLB_D1","f32b5fb91c71a2aa70ad5803705e3814","3208716784"
"9260.6.126935.TATAAT.anqdp.fastq.gz","55a9a9210d87852b21508804","IMG_AP-1072399","MayberryNE_Catta_2/Filtered_Raw_Data","MayberryNE_Catta_2","MayberryNE_CattailA_D2","696df5e2a0051f08555ce1c2a6b942ac","3494138653"
"9260.6.126935.TCATTC.anqdp.fastq.gz","55a9a9260d87852b21508805","IMG_AP-1072401","MayberryNE_Catta_3/Filtered_Raw_Data","MayberryNE_Catta_3","MayberryNE_CattailB_D1","2c71e355339573a3c6f00606c2da2902","3943476508"
"9260.7.126948.AACTTG.anqdpht.fastq.gz","55e82df50d878556782dc687","IMG_AP-1072417","MayberryNE_TuleC/Filtered_Raw_Data","MayberryNE_TuleC","MayberryNE_TuleC_D1","c335c362fb03e8174ed6704607a42f4e","3635735206"
"9260.7.126948.ACAAAC.anqdpht.fastq.gz","55e789710d878556782dc4fd","IMG_AP-1072427","MayberryNW_TuleC_2/Filtered_Raw_Data","MayberryNW_TuleC_2","MayberryNW_TuleC_D1","c24866f793c3dfb72388b5620e095e88","3791358088"
"9260.7.126948.ACATCT.anqdpht.fastq.gz","55e7acab0d878556782dc54b","IMG_AP-1072429","MayberrySE_Catta/Filtered_Raw_Data","MayberrySE_Catta","MayberrySE_CattailA_D1","90be79127f2b5d5515306f965bb58598","4196051567"
"9260.7.126948.ACCCAG.anqdpht.fastq.gz","55e785500d878556782dc4fc","IMG_AP-1072431","MayberrySE_Catta_2/Filtered_Raw_Data","MayberrySE_Catta_2","MayberrySE_CattailA_D2","04bd83084535f6d94a613493ed2e3df1","3953605449"
"9270.1.127395.CGAGAA.anqdp.fastq.gz","55a6b06c0d87852b21507dc0","IMG_AP-1072463","RushOxbow_ThreeS_4/Filtered_Raw_Data","RushOxbow_ThreeS_4","RushOxbow_ThreeSqA_D1","908647d93125acd69f5ffcfc4dfe1f03","4695611564"
"9270.1.127395.GAAACC.anqdp.fastq.gz","55a6b0e50d87852b21507dca","IMG_AP-1072467","RushOxbow_ThreeS_6/Filtered_Raw_Data","RushOxbow_ThreeS_6","RushOxbow_ThreeSqC_D1","14b7f8d948a5aa13593be3bef0d8f623","3666209613"
"9270.1.127395.GAATAA.anqdp.fastq.gz","55a6b10b0d87852b21507dce","IMG_AP-1072469","RushSE_CattailNL_4/Filtered_Raw_Data","RushSE_CattailNL_4","RushSE_CattailNLA_D1","5105dca1dce7b55ab7e30ea99b00f977","4536374602"
"9270.1.127395.GATATA.anqdp.fastq.gz","55a6b15a0d87852b21507dd3","IMG_AP-1072473","RushSE_CattailNL_6/Filtered_Raw_Data","RushSE_CattailNL_6","RushSE_CattailNLC_D1","94393ab77fed504fe51b86180cf74405","4164951780"
"9270.1.127395.GCAAGG.anqdp.fastq.gz","55a6b1cd0d87852b21507ddb","IMG_AP-1072477","RushSE_TuleB_D1/Filtered_Raw_Data","RushSE_TuleB_D1","RushSE_TuleB_D1","3a658d1cf450f51c5e33fd5d2c43b7ea","3785377239"
"9270.2.127407.GGCACA.anqdp.fastq.gz","55a6b3390d87852b21507dee","IMG_AP-1072485","Sandmound_TuleB_/Filtered_Raw_Data","Sandmound_TuleB_","Sandmound_TuleB_D1","5724422f2b2f1f126dc37e9ec533783f","5144322673"
"9270.2.127407.TGAATG.anqdp.fastq.gz","55a6b38f0d87852b21507df4","IMG_AP-1072489","WestPond_Cattail/Filtered_Raw_Data","WestPond_Cattail","WestPond_CattailA_D1","f4793bfdd79513aca692e6576e4d2abd","4505595729"
"9260.5.126922.CATTTT.anqdpht.fastq.gz","55e81d1e0d878556782dc5e3","IMG_AP-1072381","Browns_TuleA_D1/Filtered_Raw_Data","Browns_TuleA_D1","Browns_TuleA_D1","15547d911f0da404ede22501312f6f48","2964146334"
"9260.5.126922.CGGAAT.anqdpht.fastq.gz","55e816080d878556782dc582","IMG_AP-1072385","Browns_TuleC_D1/Filtered_Raw_Data","Browns_TuleC_D1","Browns_TuleC_D1","6f8eee52a106a06a24ca92ba1e134613","3765934653"
"9260.6.126935.AAACAT.anqdp.fastq.gz","55a9a4620d87852b215087e6","IMG_AP-1072409","MayberryNE_TuleA/Filtered_Raw_Data","MayberryNE_TuleA","MayberryNE_TuleA_D1","5adefb84fa9d871c0368b5a84c1752f7","3690652004"
"9260.7.126948.AAGACT.anqdpht.fastq.gz","55e7e79e0d878556782dc56f","IMG_AP-1072419","MayberryNE_TuleC_2/Filtered_Raw_Data","MayberryNE_TuleC_2","MayberryNE_TuleC_D2","9675ed45ecd70337cf55d63b23a3f4b9","3192622584"
"9260.7.126948.AATAGG.anqdpht.fastq.gz","55e79e8b0d878556782dc532","IMG_AP-1072425","MayberryNW_TuleA_2/Filtered_Raw_Data","MayberryNW_TuleA_2","MayberryNW_TuleA_D1","38084fc3fb613e8c43057dde4ca2cfa2","3037685709"
"9270.1.127395.CCCATG.anqdp.fastq.gz","55a6af9f0d87852b21507db4","IMG_AP-1072457","RushMan_CattailN_3/Filtered_Raw_Data","RushMan_CattailN_3","RushMan_CattailNLC_D1","bf62525b753e78bcbf60a2f8eca2bb4c","3911420384"
"9270.1.127395.CCGCAA.anqdp.fastq.gz","55a6b01d0d87852b21507dba","IMG_AP-1072459","RushMan_ThreeSqA_2/Filtered_Raw_Data","RushMan_ThreeSqA_2","RushMan_ThreeSqA_D1","8550e5b1fd3df956b76f3777e77e0d97","4266403381"
"9270.1.127395.CCTTAG.anqdp.fastq.gz","55a6b02e0d87852b21507dbc","IMG_AP-1072461","RushMan_ThreeSqB_2/Filtered_Raw_Data","RushMan_ThreeSqB_2","RushMan_ThreeSqB_D1","f8c8f269dbccacb875fe64d2a72a762e","3953942588"
"9270.1.127395.CTGCTG.anqdp.fastq.gz","55a6b0b60d87852b21507dc4","IMG_AP-1072465","RushOxbow_ThreeS_5/Filtered_Raw_Data","RushOxbow_ThreeS_5","RushOxbow_ThreeSqB_D1","ed9d7f530f596b687ba768e74e976dcb","4400246360"
"9270.2.127407.GCCTTA.anqdp.fastq.gz","55a6b2c30d87852b21507de6","IMG_AP-1072481","Sandmound_ThreeS_4/Filtered_Raw_Data","Sandmound_ThreeS_4","Sandmound_ThreeSqA_D1_rd","d0e95162ffb4dcc476cd4da378f0d16b","5734982666"
"9270.2.127407.GCTCCA.anqdp.fastq.gz","55a6b2d90d87852b21507de8","IMG_AP-1072483","Sandmound_TuleA_/Filtered_Raw_Data","Sandmound_TuleA_","Sandmound_TuleA_D1","4fe14f9ddf83bfce241d4e91108d8843","5871127782"
"9270.2.127407.GGCCTG.anqdp.fastq.gz","55a6b3480d87852b21507df0","IMG_AP-1072487","Sandmound_TuleC_/Filtered_Raw_Data","Sandmound_TuleC_","Sandmound_TuleC_D1","9781b16b1e7d2cad4863693bbdd0b16a","4306047140"
"9270.2.127407.TGGCGC.anqdp.fastq.gz","55a6b4190d87852b21507dfc","IMG_AP-1072495","WestPond_TuleA_D_2/Filtered_Raw_Data","WestPond_TuleA_D_2","WestPond_TuleA_D1","cab0d0c66e718f040635da3964e90a69","4420539960"
"9270.2.127407.TTCGAA.anqdp.fastq.gz","55a6b47b0d87852b21507e02","IMG_AP-1072497","WestPond_TuleB_D_2/Filtered_Raw_Data","WestPond_TuleB_D_2","WestPond_TuleB_D1","974f753951f69740786b527e46637469","4518726875"
"9270.2.127407.TTCTCC.anqdp.fastq.gz","55a6b4a50d87852b21507e04","IMG_AP-1072499","WestPond_TuleC_D_2/Filtered_Raw_Data","WestPond_TuleC_D_2","WestPond_TuleC_D1","a916a5bed698b4b90c9f7b607f363488","4733322668"
"8551.1.104021.TCGGCA.anqdp.fastq.gz","5484ecea0d87850ddcd6c88d","IMG_SP-1048022","Muzzi_PWA_D2_3/Filtered_Raw_Data","Muzzi_PWA_D2_3","Muzzi_PWA_D2","31d7bd072a8f16bd3c93d7e05f407073","5449771793"
"8572.1.104365.CGTACG.anqdp.fastq.gz","54b849f20d8785565d472932","IMG_SP-1047944","Wetmicnas_PWB_D2/Filtered_Raw_Data","Wetmicnas_PWB_D2","Wetland microbial communities from San Francisco Bay, California, USA, that impact long-term carbon sequestration - China_Galinas_PWB_D2","4bdef482fbf1bc223b9f0834829e1cc3","6394342428"
"8572.1.104365.GTGAAA.anqdp.fastq.gz","54b849e60d8785565d472931","IMG_SP-1047935","Wetmicnas_PWA_D2/Filtered_Raw_Data","Wetmicnas_PWA_D2","Wetland microbial communities from San Francisco Bay, California, USA, that impact long-term carbon sequestration - China_Galinas_PWA_D2","ec8103115d647819c4f2b175b8b4c8f0","6107761550"
"8572.1.104365.GTTTCG.anqdp.fastq.gz","54b845640d8785565d472922","IMG_SP-1047941","China_Galinas_PW_13/Filtered_Raw_Data","China_Galinas_PW_13","China_Galinas_PWC_D1","279967bc4374865e2dc77649feffeb21","5795812531"
"8572.1.104365.GTGGCC.anqdp.fastq.gz","54b83ebc0d8785565d472906","IMG_SP-1047938","Wetmicnas_PWB_D1/Filtered_Raw_Data","Wetmicnas_PWB_D1","Wetland microbial communities from San Francisco Bay, California, USA, that impact long-term carbon sequestration - China_Galinas_PWB_D1","07c6f198e6be1458a091ff7f51a1e0ba","5281166232"
"8550.1.104089.ATTCCT.anqdp.fastq.gz","54867dab0d87850ddcd6d0cf","IMG_SP-1047959","Joice_CattailNLA_5/Filtered_Raw_Data","Joice_CattailNLA_5","Joice_CattailNLA_D2","38c06cba54f01bf83189656e198e8dda","6402893104"
"8550.1.104089.CAACTA.anqdp.fastq.gz","548679840d87850ddcd6d0c9","IMG_SP-1047965","WetmictailNLB_D2/Filtered_Raw_Data","WetmictailNLB_D2","Wetland microbial communities from San Francisco Bay, California, USA, that impact long-term carbon sequestration - Joice_CattailNLB_D2","461a30550a03753e775bad71e69930b1","5890191645"
"8572.1.104365.GAGTGG.anqdp.fastq.gz","54b83ec60d8785565d472907","IMG_SP-1047947","China_Galinas_PW_14/Filtered_Raw_Data","China_Galinas_PW_14","China_Galinas_PWC_D2","a0dfe48ad789b8b3ab8abc61e858ed91","4673794859"
"8551.1.104021.TACAGC.anqdp.fastq.gz","5484c42d0d87850ddcd6c85e","IMG_SP-1048007","MayberryNW_TuleC_3/Filtered_Raw_Data","MayberryNW_TuleC_3","MayberryNW_TuleC_D2","313d72690d10e4feaab86039e42b7d80","5812939693"
"8551.1.104021.TCATTC.anqdp.fastq.gz","5484cf780d87850ddcd6c866","IMG_SP-1048013","Muzzi_PWA_D1_3/Filtered_Raw_Data","Muzzi_PWA_D1_3","Muzzi_PWA_D1","beac59b7ecf8e4f42a41f200f4043de2","6253265878"
"8551.1.104021.TCCCGA.anqdp.fastq.gz","5484e1b20d87850ddcd6c886","IMG_SP-1048016","Muzzi_CordB_D2_3/Filtered_Raw_Data","Muzzi_CordB_D2_3","Muzzi_CordB_D2","eeb73197418e5c8900346c314d308ae8","5108327041"
"8551.1.104021.TCGAAG.anqdp.fastq.gz","5484e7500d87850ddcd6c888","IMG_SP-1048019","Wetmici_CordC_D2/Filtered_Raw_Data","Wetmici_CordC_D2","Wetland microbial communities from San Francisco Bay, California, USA, that impact long-term carbon sequestration - Muzzi_CordC_D2","1ddcad9d48ed222c8afada7155d1120f","5960867776"
"8550.1.104089.CACGAT.anqdp.fastq.gz","548672dd0d87850ddcd6d0c0","IMG_SP-1047971","Joice_ThreeSqA_D_9/Filtered_Raw_Data","Joice_ThreeSqA_D_9","Joice_ThreeSqA_D2","69b3d68b2e116119c4514f7c1357ebba","6027390946"
"8571.1.104353.GCCAAT.anqdp.fastq.gz","54b83ea00d8785565d472903","IMG_SP-1047899","WetmichreeSqB_D2/Filtered_Raw_Data","WetmichreeSqB_D2","Wetland microbial communities from the San Francisco Bay, California, USA, that impact long-term carbon sequestration - Browns_ThreeSqB_D2","9483933f6b8bb722bb158ce6a2a54195","5352647252"
"8571.1.104353.CAGATC.anqdp.fastq.gz","54b842ad0d8785565d472911","IMG_SP-1047902","WetmichreeSqC_D2/Filtered_Raw_Data","WetmichreeSqC_D2","Wetland microbial communities from San Francisco Bay, California, USA, that impact long-term carbon sequestration - Browns_ThreeSqC_D2","f2be98b07a26b4d47284c583e6c72940","5457990310"
"8572.1.104365.ATGTCA.anqdp.fastq.gz","54b849d00d8785565d47292f","IMG_SP-1047923","Wetmics_CordA_D2/Filtered_Raw_Data","Wetmics_CordA_D2","Wetland microbial communities from San Francisco Bay, California, USA, that impact long-term carbon sequestration - China_Galinas_CordA_D2","475faba5f7970a3c28d892d0cda56960","7643816075"
"8572.1.104365.GGTAGC.anqdp.fastq.gz","54b83ed60d8785565d472908","IMG_SP-1047950","Goodyear_PhragA__3/Filtered_Raw_Data","Goodyear_PhragA__3","Goodyear_PhragA_D2","95914ed3faca6b84f0da3bd679659cb5","5346027758"
"8550.1.104089.CACTCA.anqdp.fastq.gz","5486798a0d87850ddcd6d0ca","IMG_SP-1047974","Joice_ThreeSqB_D_3/Filtered_Raw_Data","Joice_ThreeSqB_D_3","Joice_ThreeSqB_D1","5b5d29ee2ee37f296beb7946a82e5364","4927997177"
"8550.1.104089.CAGGCG.anqdp.fastq.gz","548679900d87850ddcd6d0cb","IMG_SP-1047977","Joice_ThreeSqC_D_5/Filtered_Raw_Data","Joice_ThreeSqC_D_5","Joice_ThreeSqC_D1","eef66467f0e8cabbe3711ad86154aee1","6206857908"
"8571.1.104353.ACAGTG.anqdp.fastq.gz","54b83a350d8785565d4728f4","IMG_SP-1047896","Browns_ThreeSqA__5/Filtered_Raw_Data","Browns_ThreeSqA__5","Browns_ThreeSqA_D2","d475b6413088911d04ee6e7150510a41","4950515980"
"8571.1.104353.GATCAG.anqdp.fastq.gz","54b83ea90d8785565d472904","IMG_SP-1047905","Wetmics_TuleA_D2/Filtered_Raw_Data","Wetmics_TuleA_D2","Wetland microbial communities from San Francisco Bay, California, USA, that impact long-term carbon sequestration - Browns_TuleA_D2","84b21496a9a0d2f0f68380f67e08e2b6","4833645258"
"8571.1.104353.TAGCTT.anqdp.fastq.gz","54b842b60d8785565d472912","IMG_SP-1047908","Browns_TuleB_D2_3/Filtered_Raw_Data","Browns_TuleB_D2_3","Browns_TuleB_D2","e801444c0c728f1b9b470b2a4aa1bfa5","5085234305"
"8572.1.104365.GTCCGC.anqdp.fastq.gz","54b849db0d8785565d472930","IMG_SP-1047932","China_Galinas_Co_7/Filtered_Raw_Data","China_Galinas_Co_7","China_Galinas_CordC_D2","efcfa3e214cfe37fd381237ec5bdc489","6886548755"
"8550.1.104089.ATGAGC.anqdp.fastq.gz","548672900d87850ddcd6d0bd","IMG_SP-1047956","Goodyear_PhragC__3/Filtered_Raw_Data","Goodyear_PhragC__3","Goodyear_PhragC_D2","d8033002694666a844fa459f558803a5","5303140139"
"8550.1.104089.CATTTT.anqdp.fastq.gz","548679960d87850ddcd6d0cc","IMG_SP-1047983","WetmichreeSqC_D2_2/Filtered_Raw_Data","WetmichreeSqC_D2_2","Wetland microbial communities from San Francisco Bay, California, USA, that impact long-term carbon sequestration - Joice_ThreeSqC_D2","4fd557496d459a40a859c9b558f20f9b","5717381494"
"8550.1.104089.CGGAAT.anqdp.fastq.gz","548679a50d87850ddcd6d0ce","IMG_SP-1047989","MayberryNW_Catta_11/Filtered_Raw_Data","MayberryNW_Catta_11","MayberryNW_CattailC_D1","de2240e0e53f457cc060886fdd88f75b","5680063506"
"8551.1.104021.TAATCG.anqdp.fastq.gz","5484be830d87850ddcd6c857","IMG_SP-1048004","WetmicW_TuleB_D2/Filtered_Raw_Data","WetmicW_TuleB_D2","Wetland microbial communities from San Francisco Bay, California, USA, that impact long-term carbon sequestration - MayberryNW_TuleB_D2","2603406932aa43d57e93bffb3c986507","5290491706"
"8571.1.104353.CTTGTA.anqdp.fastq.gz","54b842c00d8785565d472913","IMG_SP-1047914","China_Bullhead_C_7/Filtered_Raw_Data","China_Bullhead_C_7","China_Bullhead_CordA_D2","9e3d0223914a9fd60ae76d0c1f33e6ad","5436333012"
"8571.1.104353.AGTCAA.anqdp.fastq.gz","54b845520d8785565d472920","IMG_SP-1047917","China_Bullhead_C_8/Filtered_Raw_Data","China_Bullhead_C_8","China_Bullhead_CordB_D2","36511b98e0d69dea5a8b85c586308f75","6706193506"
"8572.1.104365.AGTTCC.anqdp.fastq.gz","54b849c30d8785565d47292e","IMG_SP-1047920","China_Bullhead_C_9/Filtered_Raw_Data","China_Bullhead_C_9","China_Bullhead_CordC_D2","32259d19a15c36b20b20730a85b213bf","6528812853"
"8551.1.104021.CTATAC.anqdp.fastq.gz","5484b61e0d87850ddcd6c852","IMG_SP-1047995","MayberryNW_Catta_8/Filtered_Raw_Data","MayberryNW_Catta_8","MayberryNW_CattailC_D2","ba678405deaf2e260a9f1c951589d395","5337912994"
"8551.1.104021.TATAAT.anqdp.fastq.gz","5484c6f20d87850ddcd6c85f","IMG_SP-1048010","Muzzi_CordA_D2_3/Filtered_Raw_Data","Muzzi_CordA_D2_3","Muzzi_CordA_D2","1d53136a66b3f49c98989d895a0a6d2f","5192515812"
"8572.1.104365.CCGTCC.anqdp.fastq.gz","54b842c90d8785565d472914","IMG_SP-1047926","China_Galinas_PW_15/Filtered_Raw_Data","China_Galinas_PW_15","China_Galinas_PWA_D1","0e14d7c839a15cbf5e73626ac752cd33","5092423332"
"8572.1.104365.GTAGAG.anqdp.fastq.gz","54b8455a0d8785565d472921","IMG_SP-1047929","Wetmics_CordB_D2/Filtered_Raw_Data","Wetmics_CordB_D2","Wetland microbial communities from San Francisco Bay, California, USA, that impact long-term carbon sequestration - China_Galinas_CordB_D2","6c2ac2d869425ba1fcd3c36dc6448829","5589421362"
"8550.1.104089.CCAACA.anqdp.fastq.gz","5486799e0d87850ddcd6d0cd","IMG_SP-1047986","MayberryNW_Catta_7/Filtered_Raw_Data","MayberryNW_Catta_7","MayberryNW_CattailA_D2","77ccc88367b1dfc39255c02f6344960c","6939293563"
"8551.1.104021.CTAGCT.anqdp.fastq.gz","5484b3510d87850ddcd6c850","IMG_SP-1047992","MayberryNW_Catta_10/Filtered_Raw_Data","MayberryNW_Catta_10","MayberryNW_CattailB_D2","2a77a82af1ac0ca0f602673043ee7403","5786594997"
"8551.1.104021.CTCAGA.anqdp.fastq.gz","5484b8ef0d87850ddcd6c854","IMG_SP-1047998","MayberryNW_TuleA_3/Filtered_Raw_Data","MayberryNW_TuleA_3","Wetland microbial communities from San Francisco Bay, California, USA, that impact long-term carbon sequestration - MayberryNW_TuleA_D2","373bf1d9107ac94274ffa062c3330344","6066528118"
"8571.1.104353.GGCTAC.anqdp.fastq.gz","54b83eb20d8785565d472905","IMG_SP-1047911","Browns_TuleC_D2_3/Filtered_Raw_Data","Browns_TuleC_D2_3","Browns_TuleC_D2","2d24afef52824df7da86023bdb54018c","4472654641"
"8550.1.104089.CACCGG.anqdp.fastq.gz","548672be0d87850ddcd6d0bf","IMG_SP-1047968","Joice_CattailNLC_5/Filtered_Raw_Data","Joice_CattailNLC_5","Joice_CattailNLC_D2","260108160cfa3e8e839c33a71c88a207","4987702973"
"8571.1.104353.CGATGT.anqdp.fastq.gz","54b842980d8785565d47290f","IMG_SP-1047887","Browns_ThreeSqA__6/Filtered_Raw_Data","Browns_ThreeSqA__6","Browns_ThreeSqA_D1","5dae6a7ac7d1d3c4cdba3424bf487c6f","5341653521"
"8571.1.104353.TTAGGC.anqdp.fastq.gz","54b83a290d8785565d4728f3","IMG_SP-1047890","Browns_ThreeSqB__5/Filtered_Raw_Data","Browns_ThreeSqB__5","Browns_ThreeSqB_D1","fdb18c346c3ebdb4b8971c8dec7dbfc8","4817594350"
"8551.1.104021.GACGAC.anqdp.fastq.gz","5484bbbd0d87850ddcd6c856","IMG_SP-1048001","MayberryNW_TuleB_5/Filtered_Raw_Data","MayberryNW_TuleB_5","MayberryNW_TuleB_D1","7f698234102a7aae04a1a40c383d8e3f","4741030714"
